,label
label,1.0
cnt_ma_rech30,0.23733084099099533
cnt_ma_rech90,0.23639278273212216
sumamnt_ma_rech90,0.2057938278052128
sumamnt_ma_rech30,0.20282805466043297
amnt_loans90,0.1997883550368726
amnt_loans30,0.19727154820813345
cnt_loans30,0.19628259073979773
daily_decr30,0.16829841912030738
daily_decr90,0.16615057582331225
medianamnt_ma_rech30,0.14149057852770136
last_rech_amt_ma,0.13180462547965066
medianamnt_ma_rech90,0.12085544361148387
fr_ma_rech90,0.08438562979134198
maxamnt_loans90,0.08414446694610596
rental90,0.07552066568106919
rental30,0.058084319849583774
payback90,0.04917796992411154
payback30,0.04833004836186234
medianamnt_loans30,0.04458965987248989
medianmarechprebal90,0.039299822771803446
medianamnt_loans90,0.035747158277254436
cnt_loans90,0.004733295156397731
cnt_da_rech30,0.003827380443229621
last_rech_date_ma,0.0037283419088774217
cnt_da_rech90,0.002998867295059825
last_rech_date_da,0.0017111624033365285
fr_ma_rech30,0.0013303238107820771
maxamnt_loans30,0.00024786746018703814
fr_da_rech30,-2.6395475578257487e-05
aon,-0.003784863890646882
medianmarechprebal30,-0.004828789290291926
fr_da_rech90,-0.005417783464777984
