Model,Log_Loss,Precision,Recall,F1_Score,ROC_AUC
HistGradientBoosting_Depth6,0.1902621657777347,0.9383233376109787,0.9765857115599531,0.9570722585815413,0.9380298224320808
GradientBoosting_Depth5,0.19490586351535388,0.9369218709171675,0.9773489246872189,0.9567085128807182,0.935227282010168
HistGradientBoosting_Depth10,0.19807323963687998,0.9387347625052543,0.973968980837899,0.9560273441157978,0.9347531574233771
HistGradientBoosting_Depth3,0.20199645611483538,0.933223992502343,0.9771036061820263,0.9546598489993209,0.9304916783428439
GradientBoosting_Depth3,0.21137996774996098,0.9291405585209251,0.9821735219560063,0.9549212911432661,0.9218244090495604
GradientBoosting_Depth2,0.22769454854139673,0.9124067421939762,0.9900509717338567,0.9496444258523321,0.9081118584656432
RandomForest_Depth25,0.23361899138332204,0.9528584379550012,0.9454302614004961,0.949129816112084,0.9288170466394408
RandomForest_Depth15,0.3043371906972009,0.9657072150369738,0.8934772535230463,0.9281891547501062,0.9247503224650483
LDA_lsqr,0.31163717724311857,0.9123266645495924,0.9397061629460026,0.9258140315542128,0.811006536075199
LDA_svd,0.3116371772437113,0.9123266645495924,0.9397061629460026,0.9258140315542128,0.811006536075199
AdaBoost_LR0.01,0.3360643526459674,0.8751878623058756,1.0,0.933440195404931,0.8016242884783911
ExtraTrees_Depth25,0.35187499694690955,0.9605736973315687,0.8507100607844741,0.902309982942554,0.893251633226912
AdaBoost_LR0.1,0.36967628989101103,0.8751878623058756,1.0,0.933440195404931,0.8500283443734997
DecisionTree_Depth10,0.38021775258411195,0.9737394290074395,0.8348461307820209,0.8989595104269089,0.9192686432686327
RandomForest_Depth8,0.4057450771556279,0.9679529536143783,0.7985935072368959,0.8751549548204017,0.8987445212825681
DecisionTree_Depth5,0.42350031744790095,0.9638588959020858,0.819990732412026,0.8861233026009603,0.8809511410227973
ExtraTrees_Depth15,0.4497541655292961,0.9662241246697656,0.7875541745032301,0.867787956149572,0.876332715910918
LogisticRegression_C10,0.4841603582228754,0.958949581381625,0.7086979038896611,0.8150470219435737,0.7899209656379877
AdaBoost_LR1.0,0.48993819070747424,0.9083379210249737,0.9894240466650313,0.9471486907852679,0.8810297515164444
LogisticRegression_C0.1,0.49082470550352086,0.9585822673459663,0.712868318477935,0.817664530248554,0.7993745378396917
LogisticRegression_C1,0.49193671332491556,0.9616862654676812,0.6821217324937989,0.7981310497695706,0.7911623904308611
ExtraTrees_Depth8,0.5104609114550208,0.9644757042379235,0.7363371221413579,0.8351057252380364,0.8552349701987614
KNN_Neighbors10,0.8557522849149782,0.9038903334932216,0.9759315288794396,0.9385304988335212,0.8060591440993231
KNN_Neighbors5,1.391779679926125,0.9093187278786783,0.9593861585847848,0.9336817253362336,0.7749049312645555
DecisionTree_Depth20,2.0208157379016294,0.9563295770525392,0.8905879466841116,0.922288714503472,0.815301672992183
KNN_Neighbors3,2.0772313842465855,0.9113658421425386,0.9470384604900919,0.9288597781045315,0.7391127670318602
GaussianNB_Smoothing1e-08,3.5308986903694235,0.9690370874447091,0.4657780685256358,0.6291489479206936,0.7851335115539347
GaussianNB_Smoothing1e-09,4.544238629567614,0.9715613891167624,0.48423147163845504,0.646329040238667,0.7951233194369527
GaussianNB_Smoothing1e-10,5.290056866461724,0.9710912906610702,0.5045111347343746,0.6640357328645488,0.8039759425736304
